,exchangedate,r030,cc,txt,enname,rate,units,rate_per_unit,group,calcdate
0,01.01.2021,978,EUR,Євро,Euro,34.7396,1,34.7396,1,30.12.2020
1,02.01.2021,978,EUR,Євро,Euro,34.7396,1,34.7396,1,30.12.2020
2,03.01.2021,978,EUR,Євро,Euro,34.7396,1,34.7396,1,30.12.2020
3,04.01.2021,978,EUR,Євро,Euro,34.7396,1,34.7396,1,30.12.2020
4,05.01.2021,978,EUR,Євро,Euro,34.9389,1,34.9389,1,04.01.2021
5,06.01.2021,978,EUR,Євро,Euro,34.846,1,34.846,1,05.01.2021
6,07.01.2021,978,EUR,Євро,Euro,34.846,1,34.846,1,05.01.2021
7,08.01.2021,978,EUR,Євро,Euro,34.846,1,34.846,1,05.01.2021
8,09.01.2021,978,EUR,Євро,Euro,34.846,1,34.846,1,05.01.2021
9,10.01.2021,978,EUR,Євро,Euro,34.846,1,34.846,1,05.01.2021
10,11.01.2021,978,EUR,Євро,Euro,34.909,1,34.909,1,06.01.2021
11,12.01.2021,978,EUR,Євро,Euro,34.2817,1,34.2817,1,11.01.2021
12,13.01.2021,978,EUR,Євро,Euro,34.0787,1,34.0787,1,12.01.2021
13,14.01.2021,978,EUR,Євро,Euro,34.0373,1,34.0373,1,13.01.2021
14,15.01.2021,978,EUR,Євро,Euro,33.9888,1,33.9888,1,14.01.2021
15,16.01.2021,978,EUR,Євро,Euro,34.0121,1,34.0121,1,15.01.2021
16,17.01.2021,978,EUR,Євро,Euro,34.0121,1,34.0121,1,15.01.2021
17,18.01.2021,978,EUR,Євро,Euro,34.0121,1,34.0121,1,16.01.2021
18,19.01.2021,978,EUR,Євро,Euro,34.0158,1,34.0158,1,18.01.2021
19,20.01.2021,978,EUR,Євро,Euro,34.1555,1,34.1555,1,19.01.2021
20,21.01.2021,978,EUR,Євро,Euro,34.1488,1,34.1488,1,20.01.2021
21,22.01.2021,978,EUR,Євро,Euro,34.3651,1,34.3651,1,21.01.2021
22,23.01.2021,978,EUR,Євро,Euro,34.3651,1,34.3651,1,21.01.2021
23,24.01.2021,978,EUR,Євро,Euro,34.3651,1,34.3651,1,21.01.2021
24,25.01.2021,978,EUR,Євро,Euro,34.2526,1,34.2526,1,22.01.2021
25,26.01.2021,978,EUR,Євро,Euro,34.2265,1,34.2265,1,25.01.2021
26,27.01.2021,978,EUR,Євро,Euro,34.1897,1,34.1897,1,26.01.2021
27,28.01.2021,978,EUR,Євро,Euro,34.1207,1,34.1207,1,27.01.2021
28,29.01.2021,978,EUR,Євро,Euro,34.1035,1,34.1035,1,28.01.2021
29,30.01.2021,978,EUR,Євро,Euro,34.1035,1,34.1035,1,28.01.2021
30,31.01.2021,978,EUR,Євро,Euro,34.1035,1,34.1035,1,28.01.2021
31,01.02.2021,978,EUR,Євро,Euro,34.157,1,34.157,1,29.01.2021
32,02.02.2021,978,EUR,Євро,Euro,33.9039,1,33.9039,1,01.02.2021
33,03.02.2021,978,EUR,Євро,Euro,33.7913,1,33.7913,1,02.02.2021
34,04.02.2021,978,EUR,Євро,Euro,33.6374,1,33.6374,1,03.02.2021
35,05.02.2021,978,EUR,Євро,Euro,33.4509,1,33.4509,1,04.02.2021
36,06.02.2021,978,EUR,Євро,Euro,33.4509,1,33.4509,1,04.02.2021
37,07.02.2021,978,EUR,Євро,Euro,33.4509,1,33.4509,1,04.02.2021
38,08.02.2021,978,EUR,Євро,Euro,33.2823,1,33.2823,1,05.02.2021
39,09.02.2021,978,EUR,Євро,Euro,33.2604,1,33.2604,1,08.02.2021
40,10.02.2021,978,EUR,Євро,Euro,33.4406,1,33.4406,1,09.02.2021
41,11.02.2021,978,EUR,Євро,Euro,33.6655,1,33.6655,1,10.02.2021
42,12.02.2021,978,EUR,Євро,Euro,33.8111,1,33.8111,1,11.02.2021
43,13.02.2021,978,EUR,Євро,Euro,33.8111,1,33.8111,1,11.02.2021
44,14.02.2021,978,EUR,Євро,Euro,33.8111,1,33.8111,1,11.02.2021
45,15.02.2021,978,EUR,Євро,Euro,33.6801,1,33.6801,1,12.02.2021
46,16.02.2021,978,EUR,Євро,Euro,33.9297,1,33.9297,1,15.02.2021
47,17.02.2021,978,EUR,Євро,Euro,33.7708,1,33.7708,1,16.02.2021
48,18.02.2021,978,EUR,Євро,Euro,33.6422,1,33.6422,1,17.02.2021
49,19.02.2021,978,EUR,Євро,Euro,33.6478,1,33.6478,1,18.02.2021
50,20.02.2021,978,EUR,Євро,Euro,33.6478,1,33.6478,1,18.02.2021
51,21.02.2021,978,EUR,Євро,Euro,33.6478,1,33.6478,1,18.02.2021
52,22.02.2021,978,EUR,Євро,Euro,33.7768,1,33.7768,1,19.02.2021
53,23.02.2021,978,EUR,Євро,Euro,33.8866,1,33.8866,1,22.02.2021
54,24.02.2021,978,EUR,Євро,Euro,33.883,1,33.883,1,23.02.2021
55,25.02.2021,978,EUR,Євро,Euro,33.9289,1,33.9289,1,24.02.2021
56,26.02.2021,978,EUR,Євро,Euro,34.1459,1,34.1459,1,25.02.2021
57,27.02.2021,978,EUR,Євро,Euro,34.1459,1,34.1459,1,25.02.2021
58,28.02.2021,978,EUR,Євро,Euro,34.1459,1,34.1459,1,25.02.2021
59,01.03.2021,978,EUR,Євро,Euro,33.8449,1,33.8449,1,26.02.2021
60,02.03.2021,978,EUR,Євро,Euro,33.717,1,33.717,1,01.03.2021
61,03.03.2021,978,EUR,Євро,Euro,33.6006,1,33.6006,1,02.03.2021
62,04.03.2021,978,EUR,Євро,Euro,33.5565,1,33.5565,1,03.03.2021
63,05.03.2021,978,EUR,Євро,Euro,33.4062,1,33.4062,1,04.03.2021
64,06.03.2021,978,EUR,Євро,Euro,33.4062,1,33.4062,1,04.03.2021
65,07.03.2021,978,EUR,Євро,Euro,33.4062,1,33.4062,1,04.03.2021
66,08.03.2021,978,EUR,Євро,Euro,33.4062,1,33.4062,1,04.03.2021
67,09.03.2021,978,EUR,Євро,Euro,33.075,1,33.075,1,05.03.2021
68,10.03.2021,978,EUR,Євро,Euro,32.9741,1,32.9741,1,09.03.2021
69,11.03.2021,978,EUR,Євро,Euro,32.9317,1,32.9317,1,10.03.2021
70,12.03.2021,978,EUR,Євро,Euro,33.1748,1,33.1748,1,11.03.2021
71,13.03.2021,978,EUR,Євро,Euro,33.1748,1,33.1748,1,11.03.2021
72,14.03.2021,978,EUR,Євро,Euro,33.1748,1,33.1748,1,11.03.2021
73,15.03.2021,978,EUR,Євро,Euro,33.0839,1,33.0839,1,12.03.2021
74,16.03.2021,978,EUR,Євро,Euro,32.9523,1,32.9523,1,15.03.2021
75,17.03.2021,978,EUR,Євро,Euro,32.9632,1,32.9632,1,16.03.2021
76,18.03.2021,978,EUR,Євро,Euro,32.9853,1,32.9853,1,17.03.2021
77,19.03.2021,978,EUR,Євро,Euro,32.9785,1,32.9785,1,18.03.2021
78,20.03.2021,978,EUR,Євро,Euro,32.9785,1,32.9785,1,18.03.2021
79,21.03.2021,978,EUR,Євро,Euro,32.9785,1,32.9785,1,18.03.2021
80,22.03.2021,978,EUR,Євро,Euro,32.9502,1,32.9502,1,19.03.2021
81,23.03.2021,978,EUR,Євро,Euro,33.0072,1,33.0072,1,22.03.2021
82,24.03.2021,978,EUR,Євро,Euro,32.932900000000004,1,32.932900000000004,1,23.03.2021
83,25.03.2021,978,EUR,Євро,Euro,32.9389,1,32.9389,1,24.03.2021
84,26.03.2021,978,EUR,Євро,Euro,33.0337,1,33.0337,1,25.03.2021
85,27.03.2021,978,EUR,Євро,Euro,33.0337,1,33.0337,1,25.03.2021
86,28.03.2021,978,EUR,Євро,Euro,33.0337,1,33.0337,1,25.03.2021
87,29.03.2021,978,EUR,Євро,Euro,32.9532,1,32.9532,1,26.03.2021
88,30.03.2021,978,EUR,Євро,Euro,32.9661,1,32.9661,1,29.03.2021
89,31.03.2021,978,EUR,Євро,Euro,32.7233,1,32.7233,1,30.03.2021
90,01.04.2021,978,EUR,Євро,Euro,32.629,1,32.629,1,31.03.2021
91,02.04.2021,978,EUR,Євро,Euro,32.7003,1,32.7003,1,01.04.2021
92,03.04.2021,978,EUR,Євро,Euro,32.7003,1,32.7003,1,01.04.2021
93,04.04.2021,978,EUR,Євро,Euro,32.7003,1,32.7003,1,01.04.2021
94,05.04.2021,978,EUR,Євро,Euro,32.8365,1,32.8365,1,02.04.2021
95,06.04.2021,978,EUR,Євро,Euro,32.8632,1,32.8632,1,05.04.2021
96,07.04.2021,978,EUR,Євро,Euro,32.898,1,32.898,1,06.04.2021
97,08.04.2021,978,EUR,Євро,Euro,33.1388,1,33.1388,1,07.04.2021
98,09.04.2021,978,EUR,Євро,Euro,33.2266,1,33.2266,1,08.04.2021
99,10.04.2021,978,EUR,Євро,Euro,33.2266,1,33.2266,1,08.04.2021
100,11.04.2021,978,EUR,Євро,Euro,33.2266,1,33.2266,1,08.04.2021
101,12.04.2021,978,EUR,Євро,Euro,33.1522,1,33.1522,1,09.04.2021
102,13.04.2021,978,EUR,Євро,Euro,33.2758,1,33.2758,1,12.04.2021
103,14.04.2021,978,EUR,Євро,Euro,33.3218,1,33.3218,1,13.04.2021
104,15.04.2021,978,EUR,Євро,Euro,33.4753,1,33.4753,1,14.04.2021
105,16.04.2021,978,EUR,Євро,Euro,33.4616,1,33.4616,1,15.04.2021
106,17.04.2021,978,EUR,Євро,Euro,33.4616,1,33.4616,1,15.04.2021
107,18.04.2021,978,EUR,Євро,Euro,33.4616,1,33.4616,1,15.04.2021
108,19.04.2021,978,EUR,Євро,Euro,33.525,1,33.525,1,16.04.2021
109,20.04.2021,978,EUR,Євро,Euro,33.7099,1,33.7099,1,19.04.2021
110,21.04.2021,978,EUR,Євро,Euro,33.7362,1,33.7362,1,20.04.2021
111,22.04.2021,978,EUR,Євро,Euro,33.6986,1,33.6986,1,21.04.2021
112,23.04.2021,978,EUR,Євро,Euro,33.8103,1,33.8103,1,22.04.2021
113,24.04.2021,978,EUR,Євро,Euro,33.8103,1,33.8103,1,22.04.2021
114,25.04.2021,978,EUR,Євро,Euro,33.8103,1,33.8103,1,22.04.2021
115,26.04.2021,978,EUR,Євро,Euro,33.6714,1,33.6714,1,23.04.2021
116,27.04.2021,978,EUR,Євро,Euro,33.6512,1,33.6512,1,26.04.2021
117,28.04.2021,978,EUR,Євро,Euro,33.5577,1,33.5577,1,27.04.2021
118,29.04.2021,978,EUR,Євро,Euro,33.526,1,33.526,1,28.04.2021
119,30.04.2021,978,EUR,Євро,Euro,33.6427,1,33.6427,1,29.04.2021
120,01.05.2021,978,EUR,Євро,Euro,33.6427,1,33.6427,1,29.04.2021
121,02.05.2021,978,EUR,Євро,Euro,33.6427,1,33.6427,1,29.04.2021
122,03.05.2021,978,EUR,Євро,Euro,33.6427,1,33.6427,1,29.04.2021
123,04.05.2021,978,EUR,Євро,Euro,33.6427,1,33.6427,1,29.04.2021
124,05.05.2021,978,EUR,Євро,Euro,33.5112,1,33.5112,1,30.04.2021
125,06.05.2021,978,EUR,Євро,Euro,33.2751,1,33.2751,1,05.05.2021
126,07.05.2021,978,EUR,Євро,Euro,33.4129,1,33.4129,1,06.05.2021
127,08.05.2021,978,EUR,Євро,Euro,33.4129,1,33.4129,1,06.05.2021
128,09.05.2021,978,EUR,Євро,Euro,33.4129,1,33.4129,1,06.05.2021
129,10.05.2021,978,EUR,Євро,Euro,33.4129,1,33.4129,1,06.05.2021
130,11.05.2021,978,EUR,Євро,Euro,33.4904,1,33.4904,1,07.05.2021
131,12.05.2021,978,EUR,Євро,Euro,33.6728,1,33.6728,1,11.05.2021
132,13.05.2021,978,EUR,Євро,Euro,33.4953,1,33.4953,1,12.05.2021
133,14.05.2021,978,EUR,Євро,Euro,33.3738,1,33.3738,1,13.05.2021
134,15.05.2021,978,EUR,Євро,Euro,33.3738,1,33.3738,1,13.05.2021
135,16.05.2021,978,EUR,Євро,Euro,33.3738,1,33.3738,1,13.05.2021
136,17.05.2021,978,EUR,Євро,Euro,33.4781,1,33.4781,1,14.05.2021
137,18.05.2021,978,EUR,Євро,Euro,33.4449,1,33.4449,1,17.05.2021
138,19.05.2021,978,EUR,Євро,Euro,33.5319,1,33.5319,1,18.05.2021
139,20.05.2021,978,EUR,Євро,Euro,33.488,1,33.488,1,19.05.2021
140,21.05.2021,978,EUR,Євро,Euro,33.5174,1,33.5174,1,20.05.2021
141,22.05.2021,978,EUR,Євро,Euro,33.5174,1,33.5174,1,20.05.2021
142,23.05.2021,978,EUR,Євро,Euro,33.5174,1,33.5174,1,20.05.2021
143,24.05.2021,978,EUR,Євро,Euro,33.4799,1,33.4799,1,21.05.2021
144,25.05.2021,978,EUR,Євро,Euro,33.4911,1,33.4911,1,24.05.2021
145,26.05.2021,978,EUR,Євро,Euro,33.6643,1,33.6643,1,25.05.2021
146,27.05.2021,978,EUR,Євро,Euro,33.6765,1,33.6765,1,26.05.2021
147,28.05.2021,978,EUR,Євро,Euro,33.5693,1,33.5693,1,27.05.2021
148,29.05.2021,978,EUR,Євро,Euro,33.5693,1,33.5693,1,27.05.2021
149,30.05.2021,978,EUR,Євро,Euro,33.5693,1,33.5693,1,27.05.2021
150,31.05.2021,978,EUR,Євро,Euro,33.3896,1,33.3896,1,28.05.2021
151,01.06.2021,978,EUR,Євро,Euro,33.5116,1,33.5116,1,31.05.2021
152,02.06.2021,978,EUR,Євро,Euro,33.5335,1,33.5335,1,01.06.2021
153,03.06.2021,978,EUR,Євро,Euro,33.3348,1,33.3348,1,02.06.2021
154,04.06.2021,978,EUR,Євро,Euro,33.2577,1,33.2577,1,03.06.2021
155,05.06.2021,978,EUR,Євро,Euro,33.2577,1,33.2577,1,03.06.2021
156,06.06.2021,978,EUR,Євро,Euro,33.2577,1,33.2577,1,03.06.2021
157,07.06.2021,978,EUR,Євро,Euro,33.0635,1,33.0635,1,04.06.2021
158,08.06.2021,978,EUR,Євро,Euro,33.0781,1,33.0781,1,07.06.2021
159,09.06.2021,978,EUR,Євро,Euro,33.1104,1,33.1104,1,08.06.2021
160,10.06.2021,978,EUR,Євро,Euro,33.0248,1,33.0248,1,09.06.2021
161,11.06.2021,978,EUR,Євро,Euro,32.989,1,32.989,1,10.06.2021
162,12.06.2021,978,EUR,Євро,Euro,32.989,1,32.989,1,10.06.2021
163,13.06.2021,978,EUR,Євро,Euro,32.989,1,32.989,1,10.06.2021
164,14.06.2021,978,EUR,Євро,Euro,32.7905,1,32.7905,1,11.06.2021
165,15.06.2021,978,EUR,Євро,Euro,32.7053,1,32.7053,1,14.06.2021
166,16.06.2021,978,EUR,Євро,Euro,32.6166,1,32.6166,1,15.06.2021
167,17.06.2021,978,EUR,Євро,Euro,32.7722,1,32.7722,1,16.06.2021
168,18.06.2021,978,EUR,Євро,Euro,32.4424,1,32.4424,1,17.06.2021
169,19.06.2021,978,EUR,Євро,Euro,32.4424,1,32.4424,1,17.06.2021
170,20.06.2021,978,EUR,Євро,Euro,32.4424,1,32.4424,1,17.06.2021
171,21.06.2021,978,EUR,Євро,Euro,32.4424,1,32.4424,1,17.06.2021
172,22.06.2021,978,EUR,Євро,Euro,32.2882,1,32.2882,1,18.06.2021
173,23.06.2021,978,EUR,Євро,Euro,32.467,1,32.467,1,22.06.2021
174,24.06.2021,978,EUR,Євро,Euro,32.6003,1,32.6003,1,23.06.2021
175,25.06.2021,978,EUR,Євро,Euro,32.7928,1,32.7928,1,24.06.2021
176,26.06.2021,978,EUR,Євро,Euro,32.7928,1,32.7928,1,24.06.2021
177,27.06.2021,978,EUR,Євро,Euro,32.7928,1,32.7928,1,24.06.2021
178,28.06.2021,978,EUR,Євро,Euro,32.7928,1,32.7928,1,24.06.2021
179,29.06.2021,978,EUR,Євро,Euro,32.7401,1,32.7401,1,25.06.2021
180,30.06.2021,978,EUR,Євро,Euro,32.3018,1,32.3018,1,29.06.2021
181,01.07.2021,978,EUR,Євро,Euro,32.3463,1,32.3463,1,30.06.2021
182,02.07.2021,978,EUR,Євро,Euro,32.5227,1,32.5227,1,01.07.2021
183,03.07.2021,978,EUR,Євро,Euro,32.5227,1,32.5227,1,01.07.2021
184,04.07.2021,978,EUR,Євро,Euro,32.5227,1,32.5227,1,01.07.2021
185,05.07.2021,978,EUR,Євро,Euro,32.4107,1,32.4107,1,02.07.2021
186,06.07.2021,978,EUR,Євро,Euro,32.3732,1,32.3732,1,05.07.2021
187,07.07.2021,978,EUR,Євро,Euro,32.2623,1,32.2623,1,06.07.2021
188,08.07.2021,978,EUR,Євро,Euro,32.291,1,32.291,1,07.07.2021
189,09.07.2021,978,EUR,Євро,Euro,32.3191,1,32.3191,1,08.07.2021
190,10.07.2021,978,EUR,Євро,Euro,32.3191,1,32.3191,1,08.07.2021
191,11.07.2021,978,EUR,Євро,Euro,32.3191,1,32.3191,1,08.07.2021
192,12.07.2021,978,EUR,Євро,Euro,32.4056,1,32.4056,1,09.07.2021
193,13.07.2021,978,EUR,Євро,Euro,32.3459,1,32.3459,1,12.07.2021
194,14.07.2021,978,EUR,Євро,Euro,32.372,1,32.372,1,13.07.2021
195,15.07.2021,978,EUR,Євро,Euro,32.2482,1,32.2482,1,14.07.2021
196,16.07.2021,978,EUR,Євро,Euro,32.2369,1,32.2369,1,15.07.2021
197,17.07.2021,978,EUR,Євро,Euro,32.2369,1,32.2369,1,15.07.2021
198,18.07.2021,978,EUR,Євро,Euro,32.2369,1,32.2369,1,15.07.2021
199,19.07.2021,978,EUR,Євро,Euro,32.141,1,32.141,1,16.07.2021
200,20.07.2021,978,EUR,Євро,Euro,32.0313,1,32.0313,1,19.07.2021
201,21.07.2021,978,EUR,Євро,Euro,32.0344,1,32.0344,1,20.07.2021
202,22.07.2021,978,EUR,Євро,Euro,32.0607,1,32.0607,1,21.07.2021
203,23.07.2021,978,EUR,Євро,Euro,32.0343,1,32.0343,1,22.07.2021
204,24.07.2021,978,EUR,Євро,Euro,32.0343,1,32.0343,1,22.07.2021
205,25.07.2021,978,EUR,Євро,Euro,32.0343,1,32.0343,1,22.07.2021
206,26.07.2021,978,EUR,Євро,Euro,31.845,1,31.845,1,23.07.2021
207,27.07.2021,978,EUR,Євро,Euro,31.8087,1,31.8087,1,26.07.2021
208,28.07.2021,978,EUR,Євро,Euro,31.7814,1,31.7814,1,27.07.2021
209,29.07.2021,978,EUR,Євро,Euro,31.7021,1,31.7021,1,28.07.2021
210,30.07.2021,978,EUR,Євро,Euro,31.9239,1,31.9239,1,29.07.2021
211,31.07.2021,978,EUR,Євро,Euro,31.9239,1,31.9239,1,29.07.2021
212,01.08.2021,978,EUR,Євро,Euro,31.9239,1,31.9239,1,29.07.2021
213,02.08.2021,978,EUR,Євро,Euro,31.8946,1,31.8946,1,30.07.2021
214,03.08.2021,978,EUR,Євро,Euro,31.9032,1,31.9032,1,02.08.2021
215,04.08.2021,978,EUR,Євро,Euro,31.8913,1,31.8913,1,03.08.2021
216,05.08.2021,978,EUR,Євро,Euro,31.9482,1,31.9482,1,04.08.2021
217,06.08.2021,978,EUR,Євро,Euro,31.8964,1,31.8964,1,05.08.2021
218,07.08.2021,978,EUR,Євро,Euro,31.8964,1,31.8964,1,05.08.2021
219,08.08.2021,978,EUR,Євро,Euro,31.8964,1,31.8964,1,05.08.2021
220,09.08.2021,978,EUR,Євро,Euro,31.6756,1,31.6756,1,06.08.2021
221,10.08.2021,978,EUR,Євро,Euro,31.5302,1,31.5302,1,09.08.2021
222,11.08.2021,978,EUR,Євро,Euro,31.3617,1,31.3617,1,10.08.2021
223,12.08.2021,978,EUR,Євро,Euro,31.4105,1,31.4105,1,11.08.2021
224,13.08.2021,978,EUR,Євро,Euro,31.421,1,31.421,1,12.08.2021
225,14.08.2021,978,EUR,Євро,Euro,31.421,1,31.421,1,12.08.2021
226,15.08.2021,978,EUR,Євро,Euro,31.421,1,31.421,1,12.08.2021
227,16.08.2021,978,EUR,Євро,Euro,31.3978,1,31.3978,1,13.08.2021
228,17.08.2021,978,EUR,Євро,Euro,31.3633,1,31.3633,1,16.08.2021
229,18.08.2021,978,EUR,Євро,Euro,31.382,1,31.382,1,17.08.2021
230,19.08.2021,978,EUR,Євро,Euro,31.2379,1,31.2379,1,18.08.2021
231,20.08.2021,978,EUR,Євро,Euro,31.169,1,31.169,1,19.08.2021
232,21.08.2021,978,EUR,Євро,Euro,31.169,1,31.169,1,19.08.2021
233,22.08.2021,978,EUR,Євро,Euro,31.169,1,31.169,1,19.08.2021
234,23.08.2021,978,EUR,Євро,Euro,31.169,1,31.169,1,19.08.2021
235,24.08.2021,978,EUR,Євро,Euro,31.169,1,31.169,1,19.08.2021
236,25.08.2021,978,EUR,Євро,Euro,31.1287,1,31.1287,1,20.08.2021
237,26.08.2021,978,EUR,Євро,Euro,31.3438,1,31.3438,1,25.08.2021
238,27.08.2021,978,EUR,Євро,Euro,31.5121,1,31.5121,1,26.08.2021
239,28.08.2021,978,EUR,Євро,Euro,31.6645,1,31.6645,1,27.08.2021
240,29.08.2021,978,EUR,Євро,Euro,31.6645,1,31.6645,1,27.08.2021
241,30.08.2021,978,EUR,Євро,Euro,31.6645,1,31.6645,1,28.08.2021
242,31.08.2021,978,EUR,Євро,Euro,31.6963,1,31.6963,1,30.08.2021
243,01.09.2021,978,EUR,Євро,Euro,31.8317,1,31.8317,1,31.08.2021
244,02.09.2021,978,EUR,Євро,Euro,31.9323,1,31.9323,1,01.09.2021
245,03.09.2021,978,EUR,Євро,Euro,32.0067,1,32.0067,1,02.09.2021
246,04.09.2021,978,EUR,Євро,Euro,32.0067,1,32.0067,1,02.09.2021
247,05.09.2021,978,EUR,Євро,Euro,32.0067,1,32.0067,1,02.09.2021
248,06.09.2021,978,EUR,Євро,Euro,31.9684,1,31.9684,1,03.09.2021
249,07.09.2021,978,EUR,Євро,Euro,31.8063,1,31.8063,1,06.09.2021
250,08.09.2021,978,EUR,Євро,Euro,31.7091,1,31.7091,1,07.09.2021
251,09.09.2021,978,EUR,Євро,Euro,31.6315,1,31.6315,1,08.09.2021
252,10.09.2021,978,EUR,Євро,Euro,31.624,1,31.624,1,09.09.2021
253,11.09.2021,978,EUR,Євро,Euro,31.624,1,31.624,1,09.09.2021
254,12.09.2021,978,EUR,Євро,Euro,31.624,1,31.624,1,09.09.2021
255,13.09.2021,978,EUR,Євро,Euro,31.5843,1,31.5843,1,10.09.2021
256,14.09.2021,978,EUR,Євро,Euro,31.4472,1,31.4472,1,13.09.2021
257,15.09.2021,978,EUR,Євро,Euro,31.4627,1,31.4627,1,14.09.2021
258,16.09.2021,978,EUR,Євро,Euro,31.517,1,31.517,1,15.09.2021
259,17.09.2021,978,EUR,Євро,Euro,31.37,1,31.37,1,16.09.2021
260,18.09.2021,978,EUR,Євро,Euro,31.37,1,31.37,1,16.09.2021
261,19.09.2021,978,EUR,Євро,Euro,31.37,1,31.37,1,16.09.2021
262,20.09.2021,978,EUR,Євро,Euro,31.4626,1,31.4626,1,17.09.2021
263,21.09.2021,978,EUR,Євро,Euro,31.2701,1,31.2701,1,20.09.2021
264,22.09.2021,978,EUR,Євро,Euro,31.3566,1,31.3566,1,21.09.2021
265,23.09.2021,978,EUR,Євро,Euro,31.2856,1,31.2856,1,22.09.2021
266,24.09.2021,978,EUR,Євро,Euro,31.084600000000002,1,31.084600000000002,1,23.09.2021
267,25.09.2021,978,EUR,Євро,Euro,31.084600000000002,1,31.084600000000002,1,23.09.2021
268,26.09.2021,978,EUR,Євро,Euro,31.084600000000002,1,31.084600000000002,1,23.09.2021
269,27.09.2021,978,EUR,Євро,Euro,31.2153,1,31.2153,1,24.09.2021
270,28.09.2021,978,EUR,Євро,Euro,31.1764,1,31.1764,1,27.09.2021
271,29.09.2021,978,EUR,Євро,Euro,31.0335,1,31.0335,1,28.09.2021
272,30.09.2021,978,EUR,Євро,Euro,30.981,1,30.981,1,29.09.2021
273,01.10.2021,978,EUR,Євро,Euro,30.8231,1,30.8231,1,30.09.2021
274,02.10.2021,978,EUR,Євро,Euro,30.8231,1,30.8231,1,30.09.2021
275,03.10.2021,978,EUR,Євро,Euro,30.8231,1,30.8231,1,30.09.2021
276,04.10.2021,978,EUR,Євро,Euro,30.8716,1,30.8716,1,01.10.2021
277,05.10.2021,978,EUR,Євро,Euro,30.9261,1,30.9261,1,04.10.2021
278,06.10.2021,978,EUR,Євро,Euro,30.6536,1,30.6536,1,05.10.2021
279,07.10.2021,978,EUR,Євро,Euro,30.4135,1,30.4135,1,06.10.2021
280,08.10.2021,978,EUR,Євро,Euro,30.4378,1,30.4378,1,07.10.2021
281,09.10.2021,978,EUR,Євро,Euro,30.4378,1,30.4378,1,07.10.2021
282,10.10.2021,978,EUR,Євро,Euro,30.4378,1,30.4378,1,07.10.2021
283,11.10.2021,978,EUR,Євро,Euro,30.4768,1,30.4768,1,08.10.2021
284,12.10.2021,978,EUR,Євро,Euro,30.5012,1,30.5012,1,11.10.2021
285,13.10.2021,978,EUR,Євро,Euro,30.4265,1,30.4265,1,12.10.2021
286,14.10.2021,978,EUR,Євро,Euro,30.4265,1,30.4265,1,12.10.2021
287,15.10.2021,978,EUR,Євро,Euro,30.4265,1,30.4265,1,12.10.2021
288,16.10.2021,978,EUR,Євро,Euro,30.4265,1,30.4265,1,12.10.2021
289,17.10.2021,978,EUR,Євро,Euro,30.4265,1,30.4265,1,12.10.2021
290,18.10.2021,978,EUR,Євро,Euro,30.446,1,30.446,1,13.10.2021
291,19.10.2021,978,EUR,Євро,Euro,30.5611,1,30.5611,1,18.10.2021
292,20.10.2021,978,EUR,Євро,Euro,30.6056,1,30.6056,1,19.10.2021
293,21.10.2021,978,EUR,Євро,Euro,30.4836,1,30.4836,1,20.10.2021
294,22.10.2021,978,EUR,Євро,Euro,30.4934,1,30.4934,1,21.10.2021
295,23.10.2021,978,EUR,Євро,Euro,30.5774,1,30.5774,1,22.10.2021
296,24.10.2021,978,EUR,Євро,Euro,30.5774,1,30.5774,1,22.10.2021
297,25.10.2021,978,EUR,Євро,Euro,30.5774,1,30.5774,1,23.10.2021
298,26.10.2021,978,EUR,Євро,Euro,30.5749,1,30.5749,1,25.10.2021
299,27.10.2021,978,EUR,Євро,Euro,30.6791,1,30.6791,1,26.10.2021
300,28.10.2021,978,EUR,Євро,Euro,30.6447,1,30.6447,1,27.10.2021
301,29.10.2021,978,EUR,Євро,Euro,30.5032,1,30.5032,1,28.10.2021
302,30.10.2021,978,EUR,Євро,Euro,30.5032,1,30.5032,1,28.10.2021
303,31.10.2021,978,EUR,Євро,Euro,30.5032,1,30.5032,1,28.10.2021
304,01.11.2021,978,EUR,Євро,Euro,30.5953,1,30.5953,1,29.10.2021
305,02.11.2021,978,EUR,Євро,Euro,30.4358,1,30.4358,1,01.11.2021
306,03.11.2021,978,EUR,Євро,Euro,30.4903,1,30.4903,1,02.11.2021
307,04.11.2021,978,EUR,Євро,Euro,30.3646,1,30.3646,1,03.11.2021
308,05.11.2021,978,EUR,Євро,Euro,30.2848,1,30.2848,1,04.11.2021
309,06.11.2021,978,EUR,Євро,Euro,30.2848,1,30.2848,1,04.11.2021
310,07.11.2021,978,EUR,Євро,Euro,30.2848,1,30.2848,1,04.11.2021
311,08.11.2021,978,EUR,Євро,Euro,30.0969,1,30.0969,1,05.11.2021
312,09.11.2021,978,EUR,Євро,Euro,30.2026,1,30.2026,1,08.11.2021
313,10.11.2021,978,EUR,Євро,Euro,30.2075,1,30.2075,1,09.11.2021
314,11.11.2021,978,EUR,Євро,Euro,30.1186,1,30.1186,1,10.11.2021
315,12.11.2021,978,EUR,Євро,Euro,29.9144,1,29.9144,1,11.11.2021
316,13.11.2021,978,EUR,Євро,Euro,29.9144,1,29.9144,1,11.11.2021
317,14.11.2021,978,EUR,Євро,Euro,29.9144,1,29.9144,1,11.11.2021
318,15.11.2021,978,EUR,Євро,Euro,29.9007,1,29.9007,1,12.11.2021
319,16.11.2021,978,EUR,Євро,Euro,30.1468,1,30.1468,1,15.11.2021
320,17.11.2021,978,EUR,Євро,Euro,30.0266,1,30.0266,1,16.11.2021
321,18.11.2021,978,EUR,Євро,Euro,29.9974,1,29.9974,1,17.11.2021
322,19.11.2021,978,EUR,Євро,Euro,29.9688,1,29.9688,1,18.11.2021
323,20.11.2021,978,EUR,Євро,Euro,29.9688,1,29.9688,1,18.11.2021
324,21.11.2021,978,EUR,Євро,Euro,29.9688,1,29.9688,1,18.11.2021
325,22.11.2021,978,EUR,Євро,Euro,29.9796,1,29.9796,1,19.11.2021
326,23.11.2021,978,EUR,Євро,Euro,30.0591,1,30.0591,1,22.11.2021
327,24.11.2021,978,EUR,Євро,Euro,30.2354,1,30.2354,1,23.11.2021
328,25.11.2021,978,EUR,Євро,Euro,30.1734,1,30.1734,1,24.11.2021
329,26.11.2021,978,EUR,Євро,Euro,30.3376,1,30.3376,1,25.11.2021
330,27.11.2021,978,EUR,Євро,Euro,30.3376,1,30.3376,1,25.11.2021
331,28.11.2021,978,EUR,Євро,Euro,30.3376,1,30.3376,1,25.11.2021
332,29.11.2021,978,EUR,Євро,Euro,30.5752,1,30.5752,1,26.11.2021
333,30.11.2021,978,EUR,Євро,Euro,30.6481,1,30.6481,1,29.11.2021
334,01.12.2021,978,EUR,Євро,Euro,30.9221,1,30.9221,1,30.11.2021
335,02.12.2021,978,EUR,Євро,Euro,30.8443,1,30.8443,1,01.12.2021
336,03.12.2021,978,EUR,Євро,Euro,30.9438,1,30.9438,1,02.12.2021
337,04.12.2021,978,EUR,Євро,Euro,30.9438,1,30.9438,1,02.12.2021
338,05.12.2021,978,EUR,Євро,Euro,30.9438,1,30.9438,1,02.12.2021
339,06.12.2021,978,EUR,Євро,Euro,30.8277,1,30.8277,1,03.12.2021
340,07.12.2021,978,EUR,Євро,Euro,30.9055,1,30.9055,1,06.12.2021
341,08.12.2021,978,EUR,Євро,Euro,30.7277,1,30.7277,1,07.12.2021
342,09.12.2021,978,EUR,Євро,Euro,30.7698,1,30.7698,1,08.12.2021
343,10.12.2021,978,EUR,Євро,Euro,30.6773,1,30.6773,1,09.12.2021
344,11.12.2021,978,EUR,Євро,Euro,30.6773,1,30.6773,1,09.12.2021
345,12.12.2021,978,EUR,Євро,Euro,30.6773,1,30.6773,1,09.12.2021
346,13.12.2021,978,EUR,Євро,Euro,30.4521,1,30.4521,1,10.12.2021
347,14.12.2021,978,EUR,Євро,Euro,30.3272,1,30.3272,1,13.12.2021
348,15.12.2021,978,EUR,Євро,Euro,30.534,1,30.534,1,14.12.2021
349,16.12.2021,978,EUR,Євро,Euro,30.6186,1,30.6186,1,15.12.2021
350,17.12.2021,978,EUR,Євро,Euro,30.8435,1,30.8435,1,16.12.2021
351,18.12.2021,978,EUR,Євро,Euro,30.8435,1,30.8435,1,16.12.2021
352,19.12.2021,978,EUR,Євро,Euro,30.8435,1,30.8435,1,16.12.2021
353,20.12.2021,978,EUR,Євро,Euro,30.8573,1,30.8573,1,17.12.2021
354,21.12.2021,978,EUR,Євро,Euro,30.7661,1,30.7661,1,20.12.2021
355,22.12.2021,978,EUR,Євро,Euro,30.7859,1,30.7859,1,21.12.2021
356,23.12.2021,978,EUR,Євро,Euro,30.8084,1,30.8084,1,22.12.2021
357,24.12.2021,978,EUR,Євро,Euro,30.845,1,30.845,1,23.12.2021
358,25.12.2021,978,EUR,Євро,Euro,30.845,1,30.845,1,23.12.2021
359,26.12.2021,978,EUR,Євро,Euro,30.845,1,30.845,1,23.12.2021
360,27.12.2021,978,EUR,Євро,Euro,30.845,1,30.845,1,23.12.2021
361,28.12.2021,978,EUR,Євро,Euro,30.8196,1,30.8196,1,24.12.2021
362,29.12.2021,978,EUR,Євро,Euro,30.8401,1,30.8401,1,28.12.2021
363,30.12.2021,978,EUR,Євро,Euro,30.776,1,30.776,1,29.12.2021
364,31.12.2021,978,EUR,Євро,Euro,30.9226,1,30.9226,1,30.12.2021
